INSERT into USER(USER_ID,ADDRESS_LINE1,ADDRESS_LINE2,CITY,COUNTRY,DATE_OF_BIRTH,EMAIL,ENCOUNTER_ID,ENCOUNTER_LINK,FIRST_NAME,GENDER_TYPE,LAST_NAME,MARITAL_STATUS,MIDDLE_NAME,OBSERVATION_ID,OBSERVATION_LINK,OXIMETER_READING,PASSWORD,PATIENT_ID,PATIENT_LINK,PHONE,ROLES,STATE,USER_LATITUDE,USER_LONGITUDE,USER_NAME,VICINITY,ZIP_CODE)
 VALUES(1,'Madison, WI, US, 53711','','Madison','USA','March 14 2006','BaskarSubbu@drugabuse.com','1643346','http://hapi.fhir.org/baseDstu3/Encounter/1643346', 'Baskar','FEMALE','Subbu','S','','1643367','http://hapi.fhir.org/baseDstu3/Observation/1643367/_history/3','98.0 %','BaskarSubbu','1643296','http://hapi.fhir.org/baseDstu3/Patient/1643296','(608) 249-7617','','WI','89.4012','43.0731','BaskarSubbu','5','53711');
INSERT into USER(USER_ID,ADDRESS_LINE1,ADDRESS_LINE2,CITY,COUNTRY,DATE_OF_BIRTH,EMAIL,ENCOUNTER_ID,ENCOUNTER_LINK,FIRST_NAME,GENDER_TYPE,LAST_NAME,MARITAL_STATUS,MIDDLE_NAME,OBSERVATION_ID,OBSERVATION_LINK,OXIMETER_READING,PASSWORD,PATIENT_ID,PATIENT_LINK,PHONE,ROLES,STATE,USER_LATITUDE,USER_LONGITUDE,USER_NAME,VICINITY,ZIP_CODE)
 VALUES(23,'Madison, WI, US, 53704','','Madison','USA','March 16 1970','JacobHim@drugabuse.com','1643346','http://hapi.fhir.org/baseDstu3/Encounter/1643346', 'Jacob','MALE','Him','S','','1642571','http://hapi.fhir.org/baseDstu3/Observation/1642571/_history/1','98.0 %','JacobHim','1641879','http://hapi.fhir.org/baseDstu3/Patient/1641879','(608) 249-7618','','WI','89.4012','43.0731','JacobHim','5','53704');
INSERT into USER(USER_ID,ADDRESS_LINE1,ADDRESS_LINE2,CITY,COUNTRY,DATE_OF_BIRTH,EMAIL,ENCOUNTER_ID,ENCOUNTER_LINK,FIRST_NAME,GENDER_TYPE,LAST_NAME,MARITAL_STATUS,MIDDLE_NAME,OBSERVATION_ID,OBSERVATION_LINK,OXIMETER_READING,PASSWORD,PATIENT_ID,PATIENT_LINK,PHONE,ROLES,STATE,USER_LATITUDE,USER_LONGITUDE,USER_NAME,VICINITY,ZIP_CODE)
 VALUES(34,'Madison, WI, US, 53706','','Madison','USA','January 22 1949','EricWillow@drugabuse.com','1646350','http://hapi.fhir.org/baseDstu3/Encounter/1646350', 'Eric','MALE','Willow','S','','1666982','http://hapi.fhir.org/baseDstu3/Observation/1666982/_history/1','95.0 %','EricWillow','1598494','http://hapi.fhir.org/baseDstu3/Patient/1598494','(608) 249-7619','','WI','89.4269','43.1054','EricWillow','5','53706');
INSERT into USER(USER_ID,ADDRESS_LINE1,ADDRESS_LINE2,CITY,COUNTRY,DATE_OF_BIRTH,EMAIL,ENCOUNTER_ID,ENCOUNTER_LINK,FIRST_NAME,GENDER_TYPE,LAST_NAME,MARITAL_STATUS,MIDDLE_NAME,OBSERVATION_ID,OBSERVATION_LINK,OXIMETER_READING,PASSWORD,PATIENT_ID,PATIENT_LINK,PHONE,ROLES,STATE,USER_LATITUDE,USER_LONGITUDE,USER_NAME,VICINITY,ZIP_CODE)
 VALUES(45,'Madison, WI, US, 53711','','Madison','USA','March 14 2006','AnnieBeacon@drugabuse.com','1646353','http://hapi.fhir.org/baseDstu3/Encounter/1646353', 'Annie','FEMALE','Beacon','S','','1666904','http://hapi.fhir.org/baseDstu3/Observation/1666904/_history/1','95.0 %','AnnieBeacon','1555346','http://hapi.fhir.org/baseDstu3/Patient/1555346','(608) 249-7620','','WI','89.4012','43.0731','AnnieBeacon','5','53711');
INSERT into USER(USER_ID,ADDRESS_LINE1,ADDRESS_LINE2,CITY,COUNTRY,DATE_OF_BIRTH,EMAIL,ENCOUNTER_ID,ENCOUNTER_LINK,FIRST_NAME,GENDER_TYPE,LAST_NAME,MARITAL_STATUS,MIDDLE_NAME,OBSERVATION_ID,OBSERVATION_LINK,OXIMETER_READING,PASSWORD,PATIENT_ID,PATIENT_LINK,PHONE,ROLES,STATE,USER_LATITUDE,USER_LONGITUDE,USER_NAME,VICINITY,ZIP_CODE)
 VALUES(56,'Oconomowoc, WI, US, 53066','','Oconomowoc','USA','July 04 1933','GladysZzltcmaster@drugabuse.com','','http://hapi.fhir.org/baseDstu3/Encounter/', 'Gladys','FEMALE','Zzltcmaster','Widowed','','1553511','http://hapi.fhir.org/baseDstu3/Observation/1553511/_history/1','95.0 %','GladysZzltcmaster','1552245','http://hapi.fhir.org/baseDstu3/Patient/1552245','(608) 249-7621','','WI','88.4985','43.1067','GladysZzltcmaster','5','53066');
INSERT into USER(USER_ID,ADDRESS_LINE1,ADDRESS_LINE2,CITY,COUNTRY,DATE_OF_BIRTH,EMAIL,ENCOUNTER_ID,ENCOUNTER_LINK,FIRST_NAME,GENDER_TYPE,LAST_NAME,MARITAL_STATUS,MIDDLE_NAME,OBSERVATION_ID,OBSERVATION_LINK,OXIMETER_READING,PASSWORD,PATIENT_ID,PATIENT_LINK,PHONE,ROLES,STATE,USER_LATITUDE,USER_LONGITUDE,USER_NAME,VICINITY,ZIP_CODE)
 VALUES(67,'Cross Plains, WI, US, 53528','','Cross Plains','USA','December 26 1986','JanePaulson@drugabuse.com','','http://hapi.fhir.org/baseDstu3/Encounter/', 'Jane','FEMALE','Paulson','S','','1642257','http://hapi.fhir.org/baseDstu3/Observation/1642257/_history/1','93.0 %','JanePaulson','1642115','http://hapi.fhir.org/baseDstu3/Patient/1642115','(608) 249-7622','','WI','89.6440','43.1160','JanePaulson','5','53528');
INSERT into USER(USER_ID,ADDRESS_LINE1,ADDRESS_LINE2,CITY,COUNTRY,DATE_OF_BIRTH,EMAIL,ENCOUNTER_ID,ENCOUNTER_LINK,FIRST_NAME,GENDER_TYPE,LAST_NAME,MARITAL_STATUS,MIDDLE_NAME,OBSERVATION_ID,OBSERVATION_LINK,OXIMETER_READING,PASSWORD,PATIENT_ID,PATIENT_LINK,PHONE,ROLES,STATE,USER_LATITUDE,USER_LONGITUDE,USER_NAME,VICINITY,ZIP_CODE)
 VALUES(78,'Madison, WI, US, 53711','','Madison','USA','March 14 2006','RajIcu@drugabuse.com','1646352','http://hapi.fhir.org/baseDstu3/Encounter/1646352', 'Raj','FEMALE','Icu','S','','1666840','http://hapi.fhir.org/baseDstu3/Observation/1666840/_history/1','95.0 %','RajIcu','1643345','http://hapi.fhir.org/baseDstu3/Patient/1643345','(608) 249-7623','','WI','89.4012','43.0731','RajIcu','5','53711');
INSERT into USER(USER_ID,ADDRESS_LINE1,ADDRESS_LINE2,CITY,COUNTRY,DATE_OF_BIRTH,EMAIL,ENCOUNTER_ID,ENCOUNTER_LINK,FIRST_NAME,GENDER_TYPE,LAST_NAME,MARITAL_STATUS,MIDDLE_NAME,OBSERVATION_ID,OBSERVATION_LINK,OXIMETER_READING,PASSWORD,PATIENT_ID,PATIENT_LINK,PHONE,ROLES,STATE,USER_LATITUDE,USER_LONGITUDE,USER_NAME,VICINITY,ZIP_CODE)
 VALUES(89,'Verona, WI, US, 53593','','Verona','USA','May 26 1946','EugeneLongTermCare@drugabuse.com','','http://hapi.fhir.org/baseDstu3/Encounter/', 'Eugene','MALE','Care','M','Long Term','1555020','http://hapi.fhir.org/baseDstu3/Observation/1555020/_history/1','88.0 %','EugeneLongTermCare','1554738','http://hapi.fhir.org/baseDstu3/Patient/1554738','(608) 249-7624','','WI','89.5686','42.9992','EugeneLongTermCare','5','53593');


INSERT INTO CATEGORY(CATEGORY_ID,CATEGORY_NAME, CATEGORY_DESC)
 VALUES (1,'nature','activities related to outdoor nature');
INSERT INTO CATEGORY(CATEGORY_ID,CATEGORY_NAME,CATEGORY_DESC)
 VALUES (2,'volunteering','activities or events related to volunteering');
INSERT INTO CATEGORY(CATEGORY_ID,CATEGORY_NAME,CATEGORY_DESC)
 VALUES (3,'legal','activities related to legal work');
INSERT INTO CATEGORY(CATEGORY_ID,CATEGORY_NAME,CATEGORY_DESC)
 VALUES (4,'civic engagement','activities related to civic engagement');
INSERT INTO CATEGORY(CATEGORY_ID,CATEGORY_NAME,CATEGORY_DESC)
 VALUES (5,'exercise','activities related to exercise');
INSERT INTO CATEGORY(CATEGORY_ID,CATEGORY_NAME,CATEGORY_DESC)
 VALUES (6,'food','food related events or activities');
INSERT INTO CATEGORY(CATEGORY_ID,CATEGORY_NAME,CATEGORY_DESC)
 VALUES (7,'entertainment','entertainment related events or activities');
INSERT INTO CATEGORY(CATEGORY_ID,CATEGORY_NAME,CATEGORY_DESC)
 VALUES (8,'child accessible','events or activities that are child friendly');
INSERT INTO CATEGORY(CATEGORY_ID,CATEGORY_NAME,CATEGORY_DESC)
 VALUES (9,'elderly accessible','events or activities that are elderly friendly');
INSERT INTO CATEGORY(CATEGORY_ID,CATEGORY_NAME,CATEGORY_DESC)
 VALUES (10,'handicap accessible','events or activities that are ADA handicap accessible');

insert into USER_CATEGORY(USER_ID,CATEGORY_ID)
 values(1,1);
 insert into USER_CATEGORY(USER_ID,CATEGORY_ID)
 values(1,4);
 insert into USER_CATEGORY(USER_ID,CATEGORY_ID)
 values(23,4);
 insert into USER_CATEGORY(USER_ID,CATEGORY_ID)
 values(34,5);
 insert into USER_CATEGORY(USER_ID,CATEGORY_ID)
 values(34,10);

insert into CHAT(CHAT_ID, CATEGORY, MESSAGE)
 values (1, 1, 'Brandon<$>Hi guys !!');
insert into CHAT(CHAT_ID, CATEGORY, MESSAGE)
 values (2, 1, 'Brandon<$>so are we meeting finally');
 insert into CHAT(CHAT_ID, CATEGORY, MESSAGE)
 values (3, 1, 'Cicily<$>yes, we are');
insert into CHAT(CHAT_ID, CATEGORY, MESSAGE)
 values (4, 4, 'Alex<$>Hello everyone !!');
